{"cameraMode":{"drawMode":0,"name":"Shaded","section":"Shading Mode"},"sceneLighting":true,"audioPlay":false,"sceneViewState":{"showFog":true,"showMaterialUpdate":false,"showSkybox":true,"showFlares":true,"showImageEffects":true,"showParticleSystems":true},"in2DMode":false,"pivot":{"x":11.484716415405274,"y":10.425990104675293,"z":36.331695556640628},"rotation":{"x":-0.17383800446987153,"y":0.786008894443512,"z":-0.25508829951286318,"w":-0.5356618165969849},"size":4.002799987792969,"orthographic":false}